受付番号,*氏名(姓),*氏名(名),性別,喫煙,G喫煙,G女子,G個室希望,G同室希望A,G初参加,G実行委員,G宿泊なし
1,皆川,慢太郎,男,有,TRUE,,,,,,
2,仲田,哲平,男,無,,,,,TRUE,,
3,西山,英嗣,男,有,TRUE,,,,,,
4,今西,敦,男,有,TRUE,,,,,,
5,杉下,正敏,男,無,,,,,,,
6,筧,育二,男,無,,,,,TRUE,,
7,西谷,真奈美,女,無,,TRUE,,,TRUE,,
8,浜崎,仁晶,男,無,,,,,,TRUE,
9,相原,和之,男,無,,,,,,,
10,久米,憲史,男,無,,,,,,,
11,鬼頭,竜也,男,無,,,,,,,
12,千葉,小百合,女,無,,TRUE,,,,,
13,鶴岡,竜也,男,無,,,,,,TRUE,
14,田辺,友也,男,無,,,,,TRUE,,
15,布川,真一,男,無,,,,,TRUE,,
16,金丸,ノブヒコ,男,無,,,,,,,
17,北川,染五郎,男,無,,,,,,,
18,堤,晴臣,男,無,,,,,,,
19,海老原,聖陽,男,無,,,,,TRUE,,
20,梅本,扶樹,男,無,,,,,TRUE,,
21,深沢,博明,男,無,,,,,,,
22,米沢,仁,男,無,,,,,,,
23,岸部,一,男,無,,,,,TRUE,,
24,酒井,晋也,男,無,,,,,,,
25,白木,功補,男,無,,,,,,,
26,内田,瞬,男,有,TRUE,,TRUE,,TRUE,,
27,中谷,杏,女,無,,TRUE,,,TRUE,,
28,東,はじめ,男,無,,,,,,,
29,相原,剛基,男,無,,,,,,,
30,染谷,光良,男,無,,,,,TRUE,,
31,森下,獅童,男,無,,,,,,,
32,貫地谷,克実,男,無,,,,,,,
33,丹羽,ノブヒコ,男,無,,,,,,,
34,大井,勇介,男,無,,,,,,,
35,内田,ジョージ,男,無,,,,,,,
36,黒崎,美希,女,無,,TRUE,,,TRUE,,
37,小堀,祐基,男,無,,,,,TRUE,,
38,羽田,ケンイチ,男,有,TRUE,,,,,,
39,永井,利夫,男,無,,,,,TRUE,,
40,小泉,崇史,男,無,,,,,TRUE,,
41,角谷,龍吉,男,無,,,,,TRUE,,
42,滝田,隆之介,男,無,,,,,,,
43,瀬戸,拓郎,男,無,,,,,,,
44,本上,洋介,男,無,,,,,,,
45,角田,宏,男,有,TRUE,,,,,TRUE,
46,大路,サダヲ,男,無,,,,,TRUE,,
47,西尾,三郎,男,無,,,,,TRUE,,
48,児玉,勝久,男,有,TRUE,,,,TRUE,,
49,寺岡,満,男,無,,,,,,TRUE,
50,山野,獅童,男,無,,,,,TRUE,,
51,寺岡,研二,男,無,,,,,TRUE,,
52,藤岡,育二,男,無,,,,,TRUE,,
53,椎名,圭,男,有,TRUE,,,,,TRUE,
54,宮内,一輝,男,無,,,,,,,
55,寺島,賢二,男,無,,,,,,,
56,並木,美帆,女,無,,TRUE,,,TRUE,,
57,望月,怜奈,女,無,,TRUE,,,TRUE,,
58,平尾,翔太,男,無,,,,,TRUE,,
59,西川,徹平,男,無,,,,,TRUE,,
60,原口,和之,男,無,,,,,TRUE,,
61,深田,敏和,男,無,,,,,,,
62,氏家,宏,男,無,,,,,,,
63,久保,晋也,男,無,,,,,,,
64,梅村,祐基,男,無,,,,,,,
65,吉野,豊,男,有,TRUE,,,,,TRUE,
66,内海,徹,男,無,,,,,,TRUE,
67,野原,公顕,男,無,,,,,,,
68,照井,裕次郎,男,有,TRUE,,,,,,
69,ユースケ,芳正,男,無,,,,,TRUE,,
70,竹下,完爾,男,無,,,,,TRUE,,
71,安倍,勇一,男,無,,,,,,,
72,松山,敦,男,無,,,,,TRUE,,
73,宍戸,隼士,男,無,,,,,,,
74,五十嵐,進,男,無,,,,,,,
75,竹内,サンタマリア,男,無,,,,,,,
76,五大,三省,男,無,,,,,TRUE,,
77,三村,丈雄,男,無,,,,,,,
78,河野,小百合,女,無,,TRUE,,,,,
79,松川,徹平,男,無,,,,,TRUE,,
80,青野,祐基,男,無,,,,,TRUE,,
81,小室,まさみ,女,無,,TRUE,,,,,
82,片平,茂樹,男,有,TRUE,,,,,TRUE,
83,細田,大樹,男,無,,,,,,,
84,勝地,勇一,男,無,,,,,,,
85,峰,一輝,男,無,,,,,,TRUE,
86,越智,健,男,有,TRUE,,,,,,
87,小口,光良,男,無,,,,,,,
88,黒川,明,男,無,,,,,,,
89,出口,勝久,男,無,,,,,TRUE,,
90,松谷,隼士,男,無,,,,,TRUE,,
91,海老原,将也,男,無,,,,,TRUE,,
92,日比野,たかお,男,無,,,,,TRUE,,
93,大江,光洋,男,無,,,,,,TRUE,
94,佐竹,直人,男,無,,,,,,,
95,小野寺,六郎,男,有,TRUE,,,,TRUE,,
96,村上,正義,男,無,,,,,,,
97,海音寺,莉緒,女,無,,TRUE,,,,,
98,上条,優,男,無,,,,TRUE,TRUE,,
99,鈴木,右京,男,無,,,,,,TRUE,
100,米倉,信輔,男,有,TRUE,,,,TRUE,,
101,満島,俊二,男,無,,,,,,,
102,木田,徹平,男,有,TRUE,,,,TRUE,,
103,江藤,聡,男,有,TRUE,,,,,TRUE,
104,樋口,竜也,男,有,TRUE,,,,,,
105,松井,淳,男,無,,,,TRUE,TRUE,,
106,渋谷,はじめ,男,無,,,,,TRUE,,
107,沢尻,将也,男,無,,,,,,,
108,若松,賢二,男,無,,,,,,,
109,渡部,直人,男,無,,,,,,,TRUE
110,浜本,育二,男,無,,,,TRUE,TRUE,,
111,千葉,有起哉,男,無,,,,,,,
112,小坂,瞬,男,無,,,,,TRUE,,
113,山城,サダヲ,男,無,,,,,,,
114,阿久津,裕司,男,有,TRUE,,,,,,
115,麻生,扶樹,男,無,,,,,,,
116,増田,慢太郎,男,無,,,,,TRUE,,
117,石山,大樹,男,無,,,,,TRUE,,
118,村岡,翔,男,無,,,,,TRUE,,
119,日下,博明,男,無,,,,,TRUE,,
120,川越,裕司,男,無,,,,,TRUE,,
121,野呂,光,男,無,,,,,TRUE,,
122,福士,裕次郎,男,無,,,,,TRUE,,
123,中林,豊,男,無,,,,,TRUE,,
124,中川,公顕,男,無,,,,,TRUE,,
125,水崎,慎之介,男,無,,,,,TRUE,,
126,西沢,広司,男,無,,,,,TRUE,,
127,伊丹,一輝,男,無,,,,,TRUE,,
128,水嶋,慶二,男,無,,,,,TRUE,,
129,花田,碧海,男,無,,,,,TRUE,,
130,相原,扶樹,男,無,,,,,TRUE,,
131,寺脇,育子,女,無,,TRUE,,,TRUE,,
132,武藤,英嗣,男,無,,,,,TRUE,,
133,牧田,基祐,男,無,,,,,TRUE,,
134,山城,貴嶺,男,無,,,,,TRUE,,
135,菊地,圭,男,無,,,,,TRUE,,
136,豊島,丈史,男,無,,,,,TRUE,,
137,三木,達士,男,無,,,,,TRUE,,
138,桜井,栄一,男,無,,,,,TRUE,,
139,田淵,陽介,男,無,,,,,TRUE,,
140,遠山,有起哉,男,無,,,,,TRUE,,
141,谷村,人志,男,無,,,,,TRUE,,
142,藤沢,信吾,男,無,,,,,TRUE,,
143,島崎,花緑,男,無,,,,,TRUE,,
144,小林,さんま,男,無,,,,,TRUE,,
145,石山,健,男,無,,,,,TRUE,,
146,森島,勇介,男,無,,,,,TRUE,,
147,磯野,新太,男,無,,,,,TRUE,,
148,篠田,友也,男,無,,,,,TRUE,,
149,西口,守,男,有,TRUE,,,,TRUE,,
150,坪井,獅童,男,無,,,,,,,
151,尾上,扶樹,男,無,,,,,,,
152,鹿手袋,守,男,無,,,,,,,
153,柏原,晃司,男,無,,,,,,,
154,福島,惇,男,無,,,,,,,
155,久保田,竜也,男,無,,,,,,,
156,川村,右京,男,無,,,,,,,
157,久保,俊二,男,無,,,,,,TRUE,
158,北村,建,男,無,,,,,,,
159,長島,瞳,女,無,,TRUE,,,,,
160,岩間,知世,女,無,,TRUE,,,,,
